Muestra,Prom,Desvi,Error_rel,P_valor
C0,34.875,6.101570835995159,0.17495543615756728,1.0
E10,38.875,5.543389456520863,0.14259522717738554,0.3693054222437513
E2,35.75,5.392896562454478,0.15085025349523015,0.8369619782105684
E25,36.625,6.884463184107628,0.18797169103365538,0.7167030903608584
X10,37.4,5.930851540883484,0.15857891820544076,0.5506404806465133
X2,34.7,5.911852501542982,0.17037038909345767,0.9664998288245784
X25,32.25,2.327373340628157,0.07216661521327618,0.45210123516909795
